Agent,Concentration,Dye1_N,Dye2_N,Dye3_N,Dye4_N,Dye5_N,Dye6_N,Dye7_N,Dye8_N,Dye9_N,Dye10_N,Dye11_N,Dye12_N,Dye13_N,Dye14_N,Dye15_N,Dye16_N,Dye17_N,Dye18_N,Dye19_N,Dye20_N,Dye21_N,Dye22_N,Dye23_N,Dye24_N,Dye25_N,Dye26_N,Dye27_N,Dye28_N,Dye29_N,Dye1_U,Dye2_U,Dye3_U,Dye4_U,Dye5_U,Dye6_U,Dye7_U,Dye8_U,Dye9_U,Dye10_U,Dye11_U,Dye12_U,Dye13_U,Dye14_U,Dye15_U,Dye16_U,Dye17_U,Dye18_U,Dye19_U,Dye20_U,Dye21_U,Dye22_U,Dye23_U,Dye24_U,Dye25_U,Dye26_U,Dye27_U,Dye28_U,Dye29_U,Series
DMMP,0,0.0,0.0,0.0,0.0,0.0,0.0,0.0,0.0,0.0,0.0,0.0,0.0,0.0,0.0,0.0,0.0,0.0,0.0,0.0,0.0,0.0,0.0,0.0,0.0,0.0,0.0,0.0,0.0,0.0,0.0,0.0,0.0,0.0,0.0,0.0,0.0,0.0,0.0,0.0,0.0,0.0,0.0,0.0,0.0,0.0,0.0,0.0,0.0,0.0,0.0,0.0,0.0,0.0,0.0,0.0,0.0,0.0,0.0,d1
DMMP,10,0.768393965,0.757374819,3.635761958,0.254893479,3.902966464,2.46946362,0.508914099,0.84502301,1.498000167,0.741891787,0.276780899,0.62215808,3.724231524,0.288858268,0.501152125,0.499878113,0.857475207,1.052867831,0.0,1.548490206,0.507451219,0.246734391,0.0,0.499295432,0.499295432,0.482095934,0.520932205,0.605868932,0.298832528,13.45192106,3.100330313,1.831633788,0.389167793,1.946524338,0.857418395,2.026597423,2.189740235,0.09371403,1.403475785,5.113474361,3.169368555,1.881026778,1.238454445,3.780094526,1.729715135,1.397181882,0.67574241,1.892792651,0.456544474,1.007836001,0.966449643,0.697973819,3.473540092,1.108982831,0.171631014,0.478270786,0.651797024,0.0,d1
DMMP,50,0.511021376,0.757374819,3.872778825,0.0,2.950921602,1.445341159,0.513866851,1.9839315,0.706807318,1.219264816,1.087756867,1.946527402,2.244429993,0.707553308,1.087814045,0.0,2.326071085,1.080085449,0.113936254,0.248848686,0.466764421,0.494623779,0.499295432,0.250238215,0.250238215,1.040383858,0.262409268,0.247642493,0.892591972,14.74430182,1.111340267,1.497897147,0.389167793,1.093812295,1.412768807,2.489465391,1.265588043,0.09371403,0.897860659,3.935700479,5.177920067,0.685552079,1.291200967,3.475031806,1.860834623,3.141372403,0.431215118,3.321025042,1.441854688,1.24319493,0.164100671,1.985826685,1.342247509,0.41221895,1.037769743,1.02500888,2.438414631,0.0,d1
DMMP,100,0.254893479,0.503711358,3.582608547,0.506124184,1.792918827,0.758149893,0.255071026,1.42228134,0.6181974,1.880319399,1.087756867,1.230112395,1.651361749,0.0,1.795397627,1.513173263,2.652552793,3.098339983,0.336731911,3.285045881,0.0,0.743677423,0.24905906,0.251428812,0.251428812,1.177539244,0.520932205,0.746427881,0.591997758,18.6001718,1.752834302,1.096528196,0.424295427,1.946524338,1.644706528,3.199493411,0.858342367,0.756867061,0.348629195,3.517813971,3.692662759,0.362516493,1.238454445,5.909601937,1.729715135,0.679981169,1.194477543,4.676896761,1.051117874,1.24319493,1.019082945,1.854226236,1.683032335,0.41221895,0.954228454,0.449084498,1.581598936,0.0,d1
DMMP,500,0.506124184,0.251256356,3.150026526,1.133941461,2.420171749,1.228120063,0.255071026,1.195041111,0.975604742,1.5271593,0.847124196,1.394779097,1.736732595,0.696707241,1.018633856,2.762104497,2.524210283,1.311228384,1.350586319,2.286302856,0.442434944,0.0,0.24905906,0.0,0.0,0.512630811,1.300309253,0.605868932,0.567596376,20.40250124,6.441563503,1.170024751,0.513084045,0.880213004,1.047905677,2.315653112,1.667466744,0.09371403,1.958925468,4.10985258,4.557718882,1.050038213,0.160291825,4.436981322,2.559349022,4.480872787,0.528692912,3.774119696,1.815008432,1.261649523,0.966110826,1.171612633,3.648056606,1.242163024,1.431111618,0.696528384,2.150436334,0.0,d1
GA,0,0.0,0.0,0.0,0.0,0.0,0.0,0.0,0.0,0.0,0.0,0.0,0.0,0.0,0.0,0.0,0.0,0.0,0.0,0.0,0.0,0.0,0.0,0.0,0.0,0.0,0.0,0.0,0.0,0.0,0.0,0.0,0.0,0.0,0.0,0.0,0.0,0.0,0.0,0.0,0.0,0.0,0.0,0.0,0.0,0.0,0.0,0.0,0.0,0.0,0.0,0.0,0.0,0.0,0.0,0.0,0.0,0.0,0.0,d1
GA,10,0.772140242,0.508560734,6.035291145,0.254893479,3.268926705,1.386170595,1.241105461,0.574663001,0.764716469,0.712844294,0.15785177,3.157429421,0.608356398,0.0,0.252860315,1.67612062,1.183686275,0.739116225,0.365105733,0.809495099,0.18732117,0.0,1.141844856,1.358819164,1.141844856,0.295729168,1.166461039,1.251211142,0.836733409,13.51351134,3.481390896,3.185237945,0.389169235,3.545033431,1.233311756,0.860378906,1.667466744,0.290326579,1.399986093,3.023717693,3.349915079,2.728235363,1.862998839,3.82333425,2.613670314,0.448040625,1.316791446,0.847537394,0.317577811,0.612813972,0.805188984,0.0,2.882933669,1.824498178,0.44638124,2.39761143,0.681943711,0.0,d1
GA,50,0.256129886,0.253669213,5.226170439,0.253669213,2.486929364,0.860202398,1.335742848,1.21954577,0.988539628,1.211360443,1.085448801,3.353795435,1.218269367,2.285400731,0.793952822,1.953747732,2.15332618,2.155521397,0.473807452,0.248167286,0.558163104,0.0,1.690679058,0.250238215,0.56033744,1.055437675,1.058681729,1.251211142,1.091381336,12.55591568,2.801280329,2.694183078,0.415774995,2.744281312,1.819797091,4.306691293,0.858342367,0.361338514,0.917776046,2.391815195,5.187475252,1.941253164,1.806505704,0.943402495,2.758184714,1.025461988,1.716794706,0.287451891,3.100732377,0.652902458,0.587889188,1.738037138,1.760321243,0.0,1.11141142,3.601343893,4.059737648,0.0,d1
GA,100,0.254893479,0.252456899,3.921737007,0.506124184,1.27855667,0.0,1.152441182,1.213069816,1.484112741,2.117203783,1.26443915,3.339398859,0.914547905,3.172944892,1.289662924,3.201420955,2.550197832,7.252442101,0.521016528,2.581598492,0.150938239,1.143135744,1.352966001,0.504057937,1.510275795,1.218211356,0.262689342,0.252631026,0.43797238,19.40467346,2.56355618,2.159562107,0.970652761,3.116077483,2.924497843,2.922343577,1.414124107,0.423525951,1.715676989,3.735984777,4.44474389,2.399362245,1.245564495,6.603865299,1.202493868,2.241214674,2.058695448,1.687801501,0.0,0.157790589,0.716306201,1.190004845,2.564399876,1.365735785,0.919039569,3.263422163,3.34896372,0.0,d1
GA,500,0.508560734,0.503711358,5.411846381,0.0,2.182943121,0.494358384,0.0,0.607157086,1.10138935,1.376598055,1.102787216,3.66160812,1.218269367,5.890174211,0.500836393,7.521083985,6.341951855,13.79857075,1.400774753,0.989767341,0.588837115,0.489712887,1.352966001,0.499295432,1.352966001,0.990869251,1.299601221,1.180627305,1.095715033,21.56907963,8.372056175,0.689986398,0.525272199,2.885629346,1.761995089,5.90666159,0.858342367,0.439909822,1.821344763,2.954259988,5.966007577,1.57435309,0.613828141,5.245799129,3.451378585,21.42042765,7.483199959,1.199741185,2.257526245,0.157790589,1.478449912,3.18437023,5.3370614,2.143639594,1.11141142,2.935235273,4.205729057,0.0,d1
GB,0,0.0,0.0,0.0,0.0,0.0,0.0,0.0,0.0,0.0,0.0,0.0,0.0,0.0,0.0,0.0,0.0,0.0,0.0,0.0,0.0,0.0,0.0,0.0,0.0,0.0,0.0,0.0,0.0,0.0,0.0,0.0,0.0,0.0,0.0,0.0,0.0,0.0,0.0,0.0,0.0,0.0,0.0,0.0,0.0,0.0,0.0,0.0,0.0,0.0,0.0,0.0,0.0,0.0,0.0,0.0,0.0,0.0,0.0,d1
GB,10,0.938647514,0.75377313,4.722130564,0.253669213,3.31538429,2.103123724,0.253845036,0.561916396,0.490134314,0.651841661,0.278532533,2.96059882,1.41423912,0.460107584,0.250505103,0.828182782,1.342573911,0.697499692,0.342564409,1.506051346,0.442434944,0.0,1.106380092,0.750398554,0.247891174,1.168368651,1.092914128,1.400563693,0.682666598,14.2670492,2.553540681,3.721681552,0.494468,6.179571967,0.951986757,0.0,1.414124107,0.0,0.874975179,4.889928936,3.512666107,1.353886667,0.452189028,3.148185152,3.254116884,0.89391958,0.502686767,1.440343662,1.035393556,0.157790589,1.371301851,1.693404769,4.434510183,1.384683767,1.329651609,2.105616252,2.720500486,0.202597768,d1
GB,50,0.749112662,0.75377313,4.653066738,0.252456899,2.056823044,1.46077848,0.76893186,1.42228134,0.935855718,1.025027534,1.212224471,4.180798474,3.019570539,0.307364379,1.542126411,1.249074514,2.880627629,0.349756723,0.41402624,1.50524874,0.420678376,0.0,1.352966001,0.0,1.352966001,1.334349094,0.997529222,1.400563693,0.963251038,11.81120552,1.395857078,2.785406227,0.494468,5.509397217,2.090914104,4.150884961,1.265588043,0.182936207,1.549459541,3.95617986,5.013514779,1.586379574,0.192551192,2.089445955,2.58710876,1.071626125,0.519814183,1.033239355,4.573536874,0.957856705,1.009759988,2.096284133,2.058269442,0.0,1.937888165,4.418850183,4.121106061,0.202597768,d1
GB,100,0.564522742,0.250067404,3.528954792,0.503711358,1.334662619,0.3804739,0.253845036,1.415523852,0.742655872,1.847290177,1.461627501,3.637977279,1.966583664,0.659688726,1.775591549,2.625179282,3.192939901,3.752480987,0.674592858,4.702493207,0.273798608,1.141844856,1.352966001,1.257164418,0.0,1.033254235,1.072383365,0.501665156,0.596717602,17.27413815,0.833553818,2.295147803,0.483033568,5.509397217,2.47354817,3.573403205,2.189740235,0.753325463,1.549459541,5.043487615,4.054757037,1.974644443,0.828209602,7.727411453,1.694840362,2.944219125,0.494121749,0.620806593,0.0,0.157790589,1.246596278,1.227451881,3.359237511,1.365735785,1.316372263,3.502437061,3.205543269,0.202597768,d1
GB,500,0.733867671,0.250067404,5.033540042,0.0,1.496845042,0.768732338,0.255071026,0.654091885,0.950330759,1.338166624,1.699809522,4.349567757,6.750254752,2.508832311,0.768461059,8.213811354,5.445244497,1.8415633,1.02080605,6.361446569,0.975905328,0.244290539,1.226942206,0.24905906,0.0,1.228265346,1.092914128,1.175941212,0.847527823,20.18626846,3.720536206,1.154693198,1.288876933,5.509397217,1.357883625,5.128262186,2.189740235,0.309550122,1.884882108,4.558159103,4.571937229,3.474805504,1.246678696,5.512482935,4.129659673,8.492360831,1.275544639,5.203991895,5.118629907,0.157790589,1.705913935,3.345111369,5.973699493,3.050302224,2.061402533,4.85152193,4.043546878,0.202597768,d1
GD,0,0.0,0.0,0.0,0.0,0.0,0.0,0.0,0.0,0.0,0.0,0.0,0.0,0.0,0.0,0.0,0.0,0.0,0.0,0.0,0.0,0.0,0.0,0.0,0.0,0.0,0.0,0.0,0.0,0.0,0.0,0.0,0.0,0.0,0.0,0.0,0.0,0.0,0.0,0.0,0.0,0.0,0.0,0.0,0.0,0.0,0.0,0.0,0.0,0.0,0.0,0.0,0.0,0.0,0.0,0.0,0.0,0.0,0.0,d1
GD,10,0.935435543,0.501321892,3.821552825,0.76101182,3.7265768,1.826116679,0.68781931,0.280246249,0.742655872,0.972847144,0.55220614,3.140400657,1.215634245,2.736694476,0.609967023,0.851162316,1.83938972,1.101886141,0.146488048,0.24768341,0.364923016,0.0,0.56033744,1.228910598,0.989255303,0.721554676,1.071413102,1.171301815,0.909480497,12.52060574,7.45398069,1.526286572,1.174366995,7.275394227,1.150762306,4.320862628,0.848008301,0.0,0.0,6.371818353,3.973595864,2.277821397,1.275533378,4.755557217,3.702159948,3.81196797,0.412267188,1.609519309,0.538928308,0.157790589,1.723900412,1.047470453,1.419136514,1.848228717,0.0,2.213694279,1.407921557,0.0,d1
GD,50,0.747153038,0.501321892,4.467500702,0.0,2.468156415,1.080974855,1.297364321,1.698342471,0.580518829,1.023076387,1.567042685,4.507917476,3.831737049,4.046410492,1.824353658,1.451606229,6.871199346,10.91185452,0.325937982,1.330248887,0.533930366,0.0,1.352966001,0.0,0.24905906,1.206219124,0.520932205,1.171301815,0.89853729,13.55050117,6.770488879,3.023051841,2.006279763,6.38364074,2.378988449,29.67294218,1.667466744,0.562935332,1.342822127,5.098217513,4.879480131,5.074114935,1.750197176,2.998464715,2.590783469,20.05057177,3.478314226,1.060196005,5.057822856,0.927695781,0.623518408,2.227349076,1.085799306,0.41221895,2.114425396,5.059984059,4.47846818,0.202597768,d1
GD,100,0.563989155,0.250067404,4.146096199,0.251256356,1.349276089,0.33210042,4.818253839,2.896909136,0.580518829,1.973876282,1.567042685,3.463739139,3.845862932,3.922268381,2.078801105,1.565990527,8.612458307,17.67483234,0.678862417,0.496530288,0.364923016,1.226942206,1.352966001,0.750718659,0.24905906,1.028240686,0.610725197,0.763228193,0.296568743,21.02736244,5.7592674,2.805059584,3.235475865,7.275394227,2.650967094,50.19033148,1.265588043,0.99803645,2.366821597,5.61351993,5.602265123,8.811453086,0.950654956,8.644837344,1.590234836,26.20562064,2.122052902,0.720857975,1.310685712,0.957856705,1.80273883,0.0,1.929990424,1.365735785,1.578844477,3.54009903,3.663996994,0.0,d1
GD,500,0.625293552,0.0,4.015466809,0.0,2.058970266,0.611707736,21.06630655,11.83955802,2.558786168,0.726194607,1.571962685,3.637977279,3.851450145,3.061707308,1.0770625,9.190582957,11.21186124,24.12822258,2.448395656,1.372254109,1.993921019,0.487456434,0.491990693,0.0,1.355878131,1.015465566,0.258551105,1.171301815,0.909480497,22.26041275,9.279168085,3.423037253,44.44511419,6.159146297,4.037800173,87.91709611,0.848008301,0.418377351,2.700842095,6.961009009,5.564462858,8.294602182,0.218338508,6.305339425,4.184350449,40.9898782,95.13246898,1.788955966,8.96355692,0.492820608,2.420813659,4.050263833,5.166784974,3.050302224,1.980970246,4.357919639,4.757324154,0.0,d1
GF,0,0.0,0.0,0.0,0.0,0.0,0.0,0.0,0.0,0.0,0.0,0.0,0.0,0.0,0.0,0.0,0.0,0.0,0.0,0.0,0.0,0.0,0.0,0.0,0.0,0.0,0.0,0.0,0.0,0.0,0.0,0.0,0.0,0.0,0.0,0.0,0.0,0.0,0.0,0.0,0.0,0.0,0.0,0.0,0.0,0.0,0.0,0.0,0.0,0.0,0.0,0.0,0.0,0.0,0.0,0.0,0.0,0.0,0.0,d1
GF,10,0.764684682,0.251256356,4.118679245,0.253669213,3.493212433,2.689384126,0.0,0.840744056,0.678968199,0.891153563,0.0,2.439313289,2.646942302,3.759667977,0.506273175,0.851162316,2.884036674,2.590852147,0.0,0.247008686,0.647328965,0.245424077,1.089802033,1.228910598,0.24905906,1.018436321,1.297458581,1.244059615,0.652055737,12.59338926,2.713513614,3.372668602,1.174366995,6.471109589,1.393481909,4.888961151,1.414124107,0.112315648,0.325547027,7.169090853,4.333408678,0.733227822,1.994360113,4.400331578,3.611352498,7.408477569,0.611565268,5.78963573,0.683584007,0.0,1.355564416,1.064935371,1.658437542,1.750256548,0.0,3.797093949,1.370206942,0.0,d1
GF,50,0.508560734,0.503711358,4.387243341,0.252456899,2.712331906,1.670187021,0.76893186,1.973863714,0.935855718,1.322705639,1.404792101,5.078940788,0.915411883,4.863193969,1.375775928,1.419564759,8.610404649,13.36273704,0.0,1.266487138,0.186345842,1.113295005,0.954260549,0.24905906,0.247891174,1.031525796,0.261110156,1.244059615,0.947367739,12.94488759,3.46429339,0.925093876,2.121377411,5.59152955,1.731684727,8.158311355,1.80318511,0.627023166,2.005105586,5.671729782,5.885673691,0.845734985,1.994360113,1.512560302,2.748889102,26.4702825,4.204559867,2.710120509,2.623575851,0.927667986,1.385424894,2.342344195,1.085722939,1.365735785,1.781339538,5.516057676,5.113539803,0.202597768,d1
GF,100,0.0,0.0,3.821552825,0.503711358,1.349276089,0.052979591,0.253845036,4.617824498,0.580518829,1.766446493,1.411067388,3.637977279,0.785588887,4.494577886,2.057142071,1.565990527,9.392816405,19.32480327,0.339100478,1.734777132,0.394144367,1.189459552,0.758807195,1.003338396,1.003338396,0.93406556,1.171714241,0.563322391,1.045912128,19.10609598,4.810442619,0.870951711,3.235475865,6.471109589,2.013035468,4.745532686,1.414124107,0.927072307,1.998513615,6.059283202,6.434442994,1.429265029,0.452189028,8.147317314,2.04784326,29.05754692,3.371915754,2.933864076,0.588897249,0.388090371,1.823298262,1.011899336,1.919859541,1.364418924,1.644665748,4.014574891,4.068525647,0.0,d1
GF,500,0.252456899,0.251256356,4.250779073,1.132733755,2.468156415,1.334324126,8.515546227,22.18793395,0.869085232,1.056872634,1.411067388,3.637977279,3.837970191,3.659380663,0.538224808,10.16197402,11.20422615,23.87288209,1.039220681,3.588050482,0.448948622,0.244290539,0.604743443,0.24905906,0.499295432,1.434174852,1.297458581,0.749958096,0.329776445,21.08632512,11.13666069,3.184180757,90.24682488,5.804343133,1.973752357,85.74991388,2.189740235,0.190086829,3.546351077,5.877369426,6.207131548,10.49001196,0.205552153,5.335116132,4.194792589,40.04327175,94.31403758,5.094011681,8.462220605,0.927667986,2.542631122,2.940668352,4.729065795,2.587929645,2.062838005,5.516057676,5.447863673,0.0,d1
VX,0,0.0,0.0,0.0,0.0,0.0,0.0,0.0,0.0,0.0,0.0,0.0,0.0,0.0,0.0,0.0,0.0,0.0,0.0,0.0,0.0,0.0,0.0,0.0,0.0,0.0,0.0,0.0,0.0,0.0,0.0,0.0,0.0,0.0,0.0,0.0,0.0,0.0,0.0,0.0,0.0,0.0,0.0,0.0,0.0,0.0,0.0,0.0,0.0,0.0,0.0,0.0,0.0,0.0,0.0,0.0,0.0,0.0,0.0,d1
VX,10,0.0,0.75377313,3.821552825,0.0,2.578386601,2.689384126,0.253845036,0.561916396,0.466750945,0.622125724,0.385731478,3.91624946,7.84421273,3.154521331,0.250505103,8.945482908,17.77809337,1.519537394,0.395656946,9.372754045,0.442434944,0.560850392,0.0,0.496948419,1.510275795,0.845928324,1.297458581,0.0,0.423059362,14.94572165,2.805086217,2.608550847,0.389169235,4.232954989,0.698881267,0.0,1.667466744,0.1077747,0.536541394,6.260119185,3.904523007,4.090360684,0.932960463,4.762111598,3.556536332,28.98397866,0.696054896,1.329444935,1.966319257,0.0,0.875015527,1.030781226,1.709524212,1.150179269,0.220175219,3.488419627,2.385314741,0.0,d1
VX,50,0.256129886,0.75377313,3.880988636,0.0,7.082316946,1.687292737,0.76893186,1.698342471,0.742655872,0.703431784,2.066147564,7.945136667,17.97268735,6.3116518,1.5623724,17.43920589,46.60471855,0.966655405,0.39856847,12.63724196,0.533930366,1.107378748,0.247891174,0.250238215,1.352966001,1.158549022,4.860715824,1.244059615,0.829859702,14.95654899,1.326588504,2.034411225,0.389169235,10.84931019,1.504026629,3.321416549,1.265588043,0.415504725,1.543665644,5.277223444,5.320891773,9.147834784,0.794933874,1.510050734,3.943628119,34.16418146,0.675564066,2.736160279,2.956759356,0.923806008,0.660837119,2.204243063,0.819929884,0.0,1.642467683,4.880751095,3.64573317,0.202597768,d1
VX,100,0.511021376,0.501321892,4.449586092,0.252456899,23.5703645,0.32532439,0.253845036,1.129578828,0.580518829,2.383191233,1.69807215,6.964305659,18.89072139,8.899421366,1.778433591,56.98032455,47.51202174,3.434367064,0.129168742,9.987483958,0.222180303,1.191258373,0.247891174,0.754290508,2.098008618,0.946415568,7.808411489,0.246488075,0.591781029,21.60382691,1.136746556,1.522068973,0.794798655,35.96796614,1.877755436,1.568987238,0.858342367,0.480328782,1.202992397,5.301228094,5.429136336,9.147834784,0.991053896,7.942961369,3.805801165,33.15302409,0.822691618,2.937162059,2.814202547,0.927667986,1.121418935,1.067005166,0.423831278,0.975612344,1.709172068,4.337234421,2.826465152,0.0,d1
VX,500,1.017129893,0.250067404,3.821552825,1.132733755,34.00311216,0.997950639,0.611660629,0.561916396,1.360069914,2.345536669,2.563225524,11.94079591,18.82394371,21.35989681,1.009078231,77.42874421,47.76964936,2.402024532,1.421862175,6.800726029,0.82574415,1.107378748,0.247891174,0.0,1.510275795,1.013945812,8.184435565,0.742931369,0.897115682,25.12982287,4.008079323,0.582224211,3.448222621,53.62971891,1.85897506,2.447498943,1.265588043,0.336901853,4.131597623,5.387323874,7.599015745,8.887680133,2.530878164,4.620630501,3.923800822,33.5187588,3.028179281,2.133808265,7.532261012,0.923806008,1.256758373,1.354262259,3.119672365,2.375009262,1.980970246,4.446753408,3.657976655,0.0,d1
AC,0,0.0,0.0,0.0,0.0,0.0,0.0,0.0,0.0,0.0,0.0,0.0,0.0,0.0,0.0,0.0,0.0,0.0,0.0,0.0,0.0,0.0,0.0,0.0,0.0,0.0,0.0,0.0,0.0,0.0,0.0,0.0,0.0,0.0,0.0,0.0,0.0,0.0,0.0,0.0,0.0,0.0,0.0,0.0,0.0,0.0,0.0,0.0,0.0,0.0,0.0,0.0,0.0,0.0,0.0,0.0,0.0,0.0,0.0,d2
AC,10,1.355878131,1.478946346,1.446373171,1.145745711,1.580770199,1.823585302,0.604743443,0.880305194,1.009300411,1.405411038,0.447850251,4.16467046,0.521415104,1.469323195,2.930344944,3.098112487,4.158810877,0.704993475,2.311547448,1.1291638,2.584751802,0.259999229,0.0,2.116477476,3.525451506,0.26030441,1.039641988,1.508381726,0.819968623,6.701121227,0.611375131,0.170200928,0.830042188,2.994281683,1.879302902,7.316466454,0.0,0.185786731,0.0,0.655130841,2.684711136,0.0,0.0,2.586474607,0.159005042,1.440739271,0.203525481,2.075652393,0.45188796,2.532175157,2.854662937,2.854662937,2.854662937,2.854662937,2.854662937,2.854662937,0.518520873,0.0,d2
AC,50,0.0,1.111429258,1.155170465,0.0,0.410044104,0.330624951,0.604743443,0.538710377,0.843285713,2.702936518,0.054382791,2.689424181,4.030205675,4.949645124,3.167200843,6.226463838,0.894318028,1.22717909,0.962300149,0.506890024,2.345315687,0.707116932,0.787768394,1.944580811,3.740478804,2.218418386,1.302770006,1.344849765,0.583680756,7.397109331,2.314552897,1.54162276,1.913016574,2.72705597,0.891967858,6.694083727,0.0,0.280441543,0.249428246,1.310566724,3.234607228,3.086300503,0.0,2.069896901,0.159005042,1.774345669,1.034906638,3.885378328,0.360063041,2.532175157,2.854662937,2.854662937,2.854662937,2.854662937,2.854662937,2.854662937,0.93827556,0.0,d2
AC,100,0.246568371,1.232901179,1.414741095,1.232901179,1.665626409,0.513223678,0.489554619,1.35365448,1.254574059,1.405411038,0.744754697,3.092741448,3.761442389,2.162041945,4.095360274,6.518272072,1.653840775,0.962438698,3.445520307,1.466998055,2.522837802,0.53219954,0.518721546,2.939983008,2.542523411,2.794779361,2.165486261,1.695967443,0.957087279,7.996651333,1.389453457,1.641568257,2.820634257,3.373480344,1.25181865,9.006434606,0.0,0.375379937,1.263416953,1.748587141,3.257103779,2.874396747,0.0,2.069896901,0.159005042,1.887098159,1.099034879,4.432000081,1.264218718,2.532175157,2.351313838,2.351313838,2.351313838,2.351313838,2.351313838,2.351313838,0.482610336,0.0,d2
AC,500,2.326517575,0.504057937,1.446373171,0.606389118,1.355786391,0.503236151,0.0,1.082680437,0.99314609,0.573919523,0.30452493,3.589362759,3.674283641,6.084124342,3.630423593,6.478626618,4.863387845,0.471819584,4.802389569,1.8467123,0.330929594,1.127696482,0.518721546,2.395602616,2.230749481,3.468832762,3.181958282,2.054112721,0.6141988,10.03572185,1.145561385,1.641568257,2.887397519,1.941918483,1.306920911,9.136892825,0.0,0.284367728,0.709681752,1.529696063,3.576874171,1.663402511,0.0,2.287491411,0.159005042,2.379416421,1.214276198,4.262027109,0.930835138,2.500354655,0.408232261,0.408232261,0.408232261,0.408232261,0.408232261,0.408232261,1.222648864,0.0,d2
CG,0,0.0,0.0,0.0,0.0,0.0,0.0,0.0,0.0,0.0,0.0,0.0,0.0,0.0,0.0,0.0,0.0,0.0,0.0,0.0,0.0,0.0,0.0,0.0,0.0,0.0,0.0,0.0,0.0,0.0,0.0,0.0,0.0,0.0,0.0,0.0,0.0,0.0,0.0,0.0,0.0,0.0,0.0,0.0,0.0,0.0,0.0,0.0,0.0,0.0,0.0,0.0,0.0,0.0,0.0,0.0,0.0,0.0,0.0,d2
CG,10,0.758807195,1.199445744,1.821305898,1.361789558,1.685945361,1.799400495,0.750398554,0.804434423,1.423599939,0.489806755,0.611291399,2.657009217,2.190124716,2.805005796,3.184310922,3.64997448,1.537078319,2.572383333,1.476266966,1.65394812,3.596080352,0.261286995,0.529130071,2.42017199,2.910879083,1.803855582,1.315770619,0.516184681,0.371916792,3.690628967,1.786085385,0.160768663,3.431694342,2.943440199,2.711675753,5.512445679,0.0,0.817229488,1.982047548,0.704578941,2.058510716,0.0,0.0,1.005241694,0.15862514,1.321083255,0.0,2.375863433,2.650613396,2.136595891,2.060002759,2.060002759,2.060002759,2.060002759,2.060002759,2.060002759,1.069190709,0.0,d2
CG,50,1.089802033,1.149733081,0.636303512,0.0,1.138772301,0.62762688,0.605507754,0.265522148,0.671221231,1.045130254,0.244701561,1.640654572,3.559539098,3.63985545,3.650881874,6.663914741,0.270483193,2.463237666,1.246932355,0.984417696,1.521023547,1.319534628,1.332883343,2.131890357,3.740478804,1.062062225,1.851353162,0.516184681,0.584249203,6.287007534,5.334019419,2.110291359,1.962709865,1.772256297,1.201170257,7.625917579,0.0,0.474772916,1.619243238,1.20094797,1.586728015,2.348329138,0.0,2.212986556,0.15862514,0.737238533,1.654047481,3.92995825,1.616575123,2.123623802,1.903998894,1.903998894,1.903998894,1.903998894,1.903998894,1.903998894,0.995408535,0.0,d2
CG,100,1.328774212,1.236965356,1.591725826,0.498955435,0.842866857,0.618667565,0.619237531,0.804434423,0.744361232,0.334482165,0.499078213,1.775757272,2.125025139,0.975251865,4.292291452,6.704741503,0.669314933,2.694013184,4.245826942,1.440814661,3.166263755,0.787768394,1.042577272,3.402676578,2.230749481,1.386893894,2.121177964,0.776177668,0.674937516,9.563180127,4.234302312,2.333487535,3.426453481,3.572829077,1.86773213,7.866694418,0.0,0.572028315,1.882928304,2.063753051,1.810186747,2.091168006,0.0,2.003208195,0.15862514,1.324010399,2.080359206,3.715010391,2.540296398,2.123623802,1.653192146,1.653192146,1.653192146,1.653192146,1.653192146,1.653192146,2.389720414,0.0,d2
CG,500,2.626529458,0.253845036,4.084517523,0.494290169,0.619582009,0.758922865,20.94830182,27.88785184,3.025396917,0.682960098,0.904182435,1.121866444,4.716431864,2.742318502,12.62500077,7.146777018,17.11898896,20.50306318,6.626753675,4.971071374,3.978839448,0.523872748,0.263902211,2.593630032,2.006158807,2.145724551,1.582887971,2.360701588,0.280851375,11.2838094,3.552884633,2.333487535,30.87396134,1.809918638,2.972021287,83.87080256,0.0,0.184839564,1.426323262,5.791544926,1.47519571,6.514306358,0.0,2.565877731,0.452581076,48.62707951,96.1417995,3.247151967,11.11739638,2.540213324,2.46856503,2.46856503,2.46856503,2.46856503,2.46856503,2.46856503,2.577778744,0.0,d2
CK,0,0.0,0.0,0.0,0.0,0.0,0.0,0.0,0.0,0.0,0.0,0.0,0.0,0.0,0.0,0.0,0.0,0.0,0.0,0.0,0.0,0.0,0.0,0.0,0.0,0.0,0.0,0.0,0.0,0.0,0.0,0.0,0.0,0.0,0.0,0.0,0.0,0.0,0.0,0.0,0.0,0.0,0.0,0.0,0.0,0.0,0.0,0.0,0.0,0.0,0.0,0.0,0.0,0.0,0.0,0.0,0.0,0.0,0.0,d2
CK,10,1.352966001,1.478946346,0.897760904,0.0,1.342709292,1.45505433,0.0,1.02633067,1.067738315,1.089248313,0.729604615,2.26953379,3.083118063,0.544916534,3.330513063,3.430238977,1.691971268,0.704838087,1.652776914,1.282768405,5.301046534,0.903696178,0.526487927,3.681661979,2.901387508,1.446861047,1.582887971,1.246868469,0.707530076,6.543218506,0.52829262,1.58707709,0.776353096,2.920361604,2.679683415,5.179109901,0.0,0.515579497,2.117310371,0.758262891,2.140495389,0.956944647,0.0,1.364585158,0.15862514,1.561622003,0.0,1.567325225,1.660741806,2.229316634,3.037373368,3.037373368,3.037373368,3.037373368,3.037373368,3.037373368,0.303374235,0.0,d2
CK,50,0.0,1.111429258,0.590177112,1.232901179,0.537711071,0.768666397,1.127983654,0.530927769,1.65832722,3.510776915,0.280528403,1.536403877,3.862710293,2.366502744,2.941895146,6.398598624,0.406603766,1.78872215,1.966199828,1.10787383,2.371464,0.531234093,1.32617443,2.817974462,3.302651455,0.0,1.582887971,1.034652019,0.279403229,4.963610312,2.017894949,1.567039073,5.166435446,2.631587407,0.869485218,5.751671084,0.0,0.372514165,1.067276494,1.437339436,1.788459819,2.619745761,0.0,2.287491411,0.15862514,1.410098412,0.697643507,1.801121643,2.305430369,2.229316634,2.725230001,2.725230001,2.725230001,2.725230001,2.725230001,2.725230001,0.61328761,0.0,d2
CK,100,0.491990693,1.147065046,0.611608587,1.111429258,1.785905558,0.593189538,0.93249417,0.884488483,0.783101787,0.677765622,0.729604615,1.283061189,3.602512016,1.139893398,3.452357756,6.617634418,1.523847345,1.505472937,0.833993666,1.297860953,2.371464,0.569925565,0.521284096,4.379463326,2.101669867,1.142981703,1.953804834,1.713679054,0.674241178,7.681104327,1.381612419,1.58707709,9.362921319,3.787212403,1.771720671,5.694298937,0.0,0.467452494,2.679144767,1.857248867,2.327801395,2.890870002,0.0,2.287491411,0.0,1.767731806,1.106543433,1.327138503,0.318623806,2.229316634,2.725230001,2.725230001,2.725230001,2.725230001,2.725230001,2.725230001,0.627998914,0.0,d2
CK,500,2.544580286,1.478946346,0.897760904,1.690679058,1.52235169,0.975147723,0.560944062,0.633718528,0.637789804,0.703224742,0.833445192,1.803315535,3.547323422,2.80448232,3.004899787,6.901659284,2.129953503,1.026784178,5.174688513,1.915441659,1.970156854,1.904049477,0.0,3.681661979,2.003348103,2.119220468,2.664954272,2.167551984,0.0,11.66264072,0.735220986,1.721830768,17.62921059,2.054969977,1.284362356,39.03896996,0.0,0.236779388,1.112554689,1.829878901,2.758487012,1.101630581,0.0,2.069896901,0.0,2.03671915,1.425149534,2.718161512,0.953913133,2.229316634,0.343925302,0.343925302,0.343925302,0.343925302,0.343925302,0.343925302,1.211615487,0.0,d2
HD,0,0.0,0.0,0.0,0.0,0.0,0.0,0.0,0.0,0.0,0.0,0.0,0.0,0.0,0.0,0.0,0.0,0.0,0.0,0.0,0.0,0.0,0.0,0.0,0.0,0.0,0.0,0.0,0.0,0.0,0.0,0.0,0.0,0.0,0.0,0.0,0.0,0.0,0.0,0.0,0.0,0.0,0.0,0.0,0.0,0.0,0.0,0.0,0.0,0.0,0.0,0.0,0.0,0.0,0.0,0.0,0.0,0.0,0.0,d2
HD,10,0.747181135,0.255071026,1.002099402,0.0,1.962818369,1.154801232,1.126815803,1.073118021,1.090771751,1.461695002,0.331185976,3.127456114,1.95630299,1.045764445,0.887330065,0.540331217,1.224671329,0.615380516,2.772346625,0.251265432,1.663618999,1.350622186,1.303393463,3.471013316,2.601442094,1.708538105,1.581775671,0.501321892,0.345798225,2.604175336,0.808334488,0.558827647,2.031975248,5.0069876,1.232522775,3.284737103,0.0,0.652409856,1.622924331,0.501375317,2.569742367,0.929286699,0.0,1.040198683,0.157870805,0.710745695,0.0,0.875561126,0.0,0.0,0.503657842,0.503657842,0.503657842,0.503657842,0.503657842,0.503657842,1.586285069,0.0,d2
HD,50,1.108382936,1.114527459,2.65767584,0.993904695,1.19794087,0.920735747,0.561366202,2.095466512,0.296909418,1.390925713,0.568592483,1.908607859,2.960687076,4.808554955,1.816878105,0.808464426,0.688029451,0.615380516,0.392532648,0.250077485,2.236614147,0.251849579,0.253055897,1.582887971,3.035155404,0.856709727,1.34603368,0.606158622,0.096266228,9.429932161,2.241649698,0.767463585,0.875864358,4.879540884,0.813466169,3.890491407,0.0,1.049572637,0.909203841,1.543928144,2.826819642,2.127413525,0.0,0.749503102,0.912898624,1.282400051,0.899378819,1.163667328,2.096618258,0.0,1.165283753,1.165283753,1.165283753,1.165283753,1.165283753,1.165283753,0.708691194,0.202597768,d2
HD,100,0.247891174,0.757897209,2.367872377,0.251428812,1.254994339,1.000808988,0.979433289,1.073118021,1.36809286,1.143573383,0.741922355,2.351908583,2.960687076,3.162857564,2.083598608,0.783009516,1.546334275,0.0,2.432395153,0.998143739,2.247195474,0.0,1.912334289,3.740478804,1.903408891,1.365502842,1.115156118,1.210372806,0.396941197,8.99716342,0.239049727,0.558827647,1.444163613,5.681393539,1.442528516,3.604379197,0.0,0.842062363,2.364386321,1.834942317,2.714837828,3.395933475,0.0,0.749503102,0.866709902,1.506407262,0.221416315,2.737361143,0.845767968,0.157710884,0.732745229,0.732745229,0.732745229,0.732745229,0.732745229,0.732745229,0.303008029,0.202597768,d2
HD,500,1.760058686,0.0,1.510101381,1.514288898,1.543354261,0.359095024,1.126815803,1.28131967,1.262078938,0.862796065,0.325398634,2.74407911,2.807753259,8.834245416,2.528796076,1.272410118,0.910989677,0.279639994,2.772346625,0.998143739,0.771368958,0.0,1.973954103,3.958844933,2.146023914,1.484264134,1.806073028,1.044534549,0.932219029,9.761805399,1.922345243,0.558827647,1.297056849,4.268859586,1.232522775,4.438377546,0.0,0.357740058,2.623464998,1.525050538,2.855396722,2.549034272,0.0,0.7895176,0.460160841,1.639310612,1.555072709,2.737361143,1.382773367,0.157710884,1.981424127,1.981424127,1.981424127,1.981424127,1.981424127,1.981424127,1.814760285,0.0,d2
HN,0,0.0,0.0,0.0,0.0,0.0,0.0,0.0,0.0,0.0,0.0,0.0,0.0,0.0,0.0,0.0,0.0,0.0,0.0,0.0,0.0,0.0,0.0,0.0,0.0,0.0,0.0,0.0,0.0,0.0,0.0,0.0,0.0,0.0,0.0,0.0,0.0,0.0,0.0,0.0,0.0,0.0,0.0,0.0,0.0,0.0,0.0,0.0,0.0,0.0,0.0,0.0,0.0,0.0,0.0,0.0,0.0,0.0,0.0,d2
HN,10,0.608861998,0.253845036,1.518069574,1.129159275,1.507904868,1.452610674,0.546700277,0.876209367,1.297887956,1.71530138,0.481057016,2.861507101,1.797139987,1.81975239,4.124457564,2.424258655,2.689338956,1.10882043,3.614843656,1.196157455,1.912319826,1.920602104,1.309720765,1.969355867,2.664606734,1.027046855,1.519931791,1.012256673,0.909713578,1.084824756,0.530384018,0.170200928,3.456747459,2.760796864,2.782259771,5.988791642,0.0,0.094938496,0.734255853,1.023449311,2.178267619,0.314054537,0.0,1.822509664,0.0,1.44668591,0.211492157,1.196253633,1.710674274,0.158490972,1.795813192,1.795813192,1.795813192,1.795813192,1.795813192,1.795813192,1.048193536,0.0,d2
HN,50,0.758054217,1.113488861,2.036371199,1.144435987,0.416335021,0.60983895,0.607879813,1.08031038,0.295952197,1.71530138,0.564787935,1.63361702,2.801856965,6.360268133,9.342909405,4.754594661,0.755034502,2.01622798,2.232837818,1.109626613,2.463964807,0.51726869,0.960971416,1.071332864,2.664606734,1.517364434,1.58681359,1.350808105,0.936926382,13.54979168,2.205399825,1.475165286,1.629044845,2.684561764,1.333496906,6.464184421,0.0,0.384354023,0.921160872,1.95437167,2.624820128,2.896048336,0.0,2.146260925,0.0,2.093707263,1.039232085,1.550713601,1.479730458,0.158490972,2.854662937,2.854662937,2.854662937,2.854662937,2.854662937,2.854662937,1.02173126,0.0,d2
HN,100,0.606389118,1.16046323,1.753870596,0.499295432,1.599635504,0.666147688,0.720861795,1.412139151,1.228657332,1.364297903,0.930420476,1.72253728,2.837594775,4.083338789,11.29012995,4.754594661,0.834343287,0.963243576,5.359254607,2.410177863,2.518779134,0.256746748,2.080507107,3.552473163,2.130551524,0.258391336,1.714102742,1.726426413,1.399491072,11.90556295,0.530384018,1.692185405,0.484328854,3.824132299,1.102431822,5.369264113,0.0,0.384354023,0.274876414,1.87654882,3.272536871,3.15796592,0.0,1.624107481,0.0,1.872001772,0.829422246,1.550713601,1.93233231,0.316604061,2.854662937,2.854662937,2.854662937,2.854662937,2.854662937,2.854662937,0.754600279,0.0,d2
HN,500,1.619974448,0.252631026,0.87562494,1.352966001,1.525786551,0.996571811,0.546700277,1.952328824,1.228657332,0.836596318,0.564787935,2.047959201,4.755269709,4.255968619,15.49695385,4.985820819,3.424040225,1.666877008,5.362212177,2.930461107,0.15458482,1.359037049,2.080507107,3.131216688,1.94137679,1.050386269,1.814946487,2.105526778,0.0,15.45166476,1.715088202,2.0264325,1.990549617,2.643863927,1.054446184,9.509064752,0.0,0.280441543,2.036605922,1.950786418,3.048868223,3.247094432,0.0,1.455778687,0.158247065,2.299541726,1.612950603,2.124892854,3.773599074,0.800311059,1.653192146,1.653192146,1.653192146,1.653192146,1.653192146,1.653192146,0.924980885,0.0,d2
L,0,0.0,0.0,0.0,0.0,0.0,0.0,0.0,0.0,0.0,0.0,0.0,0.0,0.0,0.0,0.0,0.0,0.0,0.0,0.0,0.0,0.0,0.0,0.0,0.0,0.0,0.0,0.0,0.0,0.0,0.0,0.0,0.0,0.0,0.0,0.0,0.0,0.0,0.0,0.0,0.0,0.0,0.0,0.0,0.0,0.0,0.0,0.0,0.0,0.0,0.0,0.0,0.0,0.0,0.0,0.0,0.0,0.0,0.0,d2
L,10,0.247723581,0.253845036,3.987984056,1.145745711,1.127022576,1.520218394,0.245588547,1.402230539,1.884533288,1.405411038,1.416677631,3.571077809,4.151743073,4.787306297,4.5410997,3.060626772,16.5091957,10.62994031,3.590582175,5.066165821,2.573655326,0.0,0.897271476,2.132092047,3.512155617,1.21089879,2.259019712,0.76101182,0.850566091,4.493596812,5.465291747,0.766912788,1.152793066,2.893772671,1.789410286,8.484593932,0.0,0.282613173,1.279773562,3.32762381,3.009081809,7.087693219,0.0,2.260255578,0.15862514,39.2811421,3.550440135,2.229692579,12.72412733,2.229316634,2.854662937,2.854662937,2.854662937,2.854662937,2.854662937,2.854662937,1.308852423,0.0,d2
L,50,0.246568371,1.149733081,3.734243576,0.494290169,0.299233962,0.351035288,1.689635898,27.34914179,3.852089414,1.904767431,1.399941757,2.408177863,4.968763281,4.753425082,7.627471265,6.445953554,18.42740154,20.53381011,4.97016042,5.037676178,2.9244795,0.897271476,0.532727676,1.912017774,3.676776633,1.652388876,1.306026882,1.303393463,0.607986841,13.98133614,6.53356184,1.644767297,13.55177585,2.72801163,2.89149939,29.06423535,0.0,0.474772916,1.715676989,4.704573694,3.373892329,7.756747881,0.0,1.801773951,0.848021342,43.33265034,89.17962241,2.733204363,13.53719865,2.632859591,3.353799762,3.353799762,3.353799762,3.353799762,3.353799762,3.353799762,1.802488038,0.0,d2
L,100,0.247723581,1.522438793,2.316754873,1.232901179,0.494805999,0.954426761,4.788585191,37.73546904,3.217387528,0.977792171,1.702690576,3.013342665,4.715148296,8.568935884,8.841103698,6.470807789,18.4707792,20.31291293,11.60941582,5.045499696,3.110479661,1.89266654,1.346423583,3.153579167,3.098574985,1.218921901,1.944342872,1.214332315,0.877253766,12.2529844,4.05923799,1.644767297,27.31863349,3.506103504,0.952846294,37.98117996,0.0,0.556532362,0.0,4.390909399,3.211941855,7.756747881,0.0,2.003208195,0.848021342,45.91786957,94.0556868,2.145034104,13.59385173,2.632859591,4.610001356,4.610001356,4.610001356,4.610001356,4.610001356,4.610001356,2.498811125,0.0,d2
L,500,1.900966693,0.252631026,1.373654405,0.735809981,0.861898,0.378716042,9.535891115,46.5916205,8.167757424,0.348620047,1.399941757,2.684093149,4.499930192,0.984835998,13.05329892,6.470807789,19.10126346,20.22330685,18.25971154,5.066165821,1.942697219,1.207882102,0.897271476,3.153579167,2.31380442,1.218921901,2.831887371,1.792969495,0.494405341,16.66959611,4.932339341,1.9563985,37.24182863,2.214728313,1.107167545,78.03428103,0.0,0.840409633,2.492644413,5.072276621,2.495714088,9.71011155,0.0,2.003208195,2.269527614,47.56214985,94.593588,2.229692579,13.67520655,2.253060239,2.30127528,2.30127528,2.30127528,2.30127528,2.30127528,2.30127528,1.780634311,0.0,d2
PS,0,0.0,0.0,0.0,0.0,0.0,0.0,0.0,0.0,0.0,0.0,0.0,0.0,0.0,0.0,0.0,0.0,0.0,0.0,0.0,0.0,0.0,0.0,0.0,0.0,0.0,0.0,0.0,0.0,0.0,0.0,0.0,0.0,0.0,0.0,0.0,0.0,0.0,0.0,0.0,0.0,0.0,0.0,0.0,0.0,0.0,0.0,0.0,0.0,0.0,0.0,0.0,0.0,0.0,0.0,0.0,0.0,0.0,0.0,d2
PS,10,1.151539263,1.524157066,3.089261587,0.757897209,0.867041814,1.176179712,1.230896831,1.280197649,0.958333835,0.685517143,0.481867614,2.427416852,1.227324246,2.829865963,3.622249662,3.669363137,4.114148106,2.103314719,5.222637315,0.259193407,3.485372912,0.523872748,0.26792757,4.255250557,2.383717586,1.306851573,2.191584434,0.0,0.35100577,2.899624969,0.412624258,0.862121845,2.204511751,3.61385313,3.541210365,1.84107247,0.0,0.192160016,1.752874378,0.661306334,1.567277742,0.698538923,0.0,0.83044321,0.158247065,0.737613208,0.795869805,1.088524728,0.7166019,0.42413413,1.342130961,1.342130961,1.342130961,1.342130961,1.342130961,1.342130961,1.001137632,0.0,d2
PS,50,0.560850392,1.208982451,1.696381957,1.147065046,0.244944596,0.175654706,0.0,0.0,0.854380111,1.354539841,0.049747023,2.111588904,2.643295774,2.530575922,1.92720294,6.628641096,0.684088127,3.277125839,3.14727995,0.514600591,1.971590751,1.587428219,0.269297624,2.876215863,3.5388899,0.715639338,2.678504772,0.259999229,0.713611374,4.202471261,5.450765926,0.503618137,1.00301922,2.280460202,1.258106143,1.789212679,0.0,0.097255686,2.175152483,1.539739746,1.937633336,1.082503114,0.0,1.797360767,0.858498863,2.21296142,4.751881396,1.717547787,0.390992204,0.389167793,1.054668971,1.054668971,1.054668971,1.054668971,1.054668971,1.054668971,1.009167735,0.0,d2
PS,100,0.916848517,1.236965356,0.994863577,1.20533987,1.964515139,0.612249181,0.491990693,1.02676071,0.710125413,0.506753761,0.562865913,1.884670982,2.054560012,1.009869165,4.569910573,6.96834955,2.076577128,6.820559526,7.559342753,1.334688319,4.000832957,1.319534628,2.106045294,5.239025689,2.00899419,2.422229783,3.451304364,0.783865558,0.687824117,5.516824005,13.1355911,0.862121845,1.024905327,4.972640029,2.033792102,2.655105539,0.0,0.097255686,2.540130635,3.968923268,2.794191597,0.824260022,0.0,2.033569822,0.0,6.901349431,9.414437261,3.065852704,1.847764584,0.42413413,1.054668971,1.054668971,1.054668971,1.054668971,1.054668971,1.054668971,2.690596154,0.0,d2
PS,500,2.598320831,1.022764992,3.194671258,1.151539263,1.61189462,0.361295325,1.358819164,1.034099733,0.185451885,0.343875321,0.607932136,1.773409609,1.228981655,3.842740105,4.556670827,6.954936124,9.290778501,14.23008911,9.071986508,4.598691148,2.484993689,1.052985212,0.0,4.013789778,2.00899419,2.422229783,3.509017512,2.221482987,2.011491293,6.236197337,18.50909117,0.158813481,2.885922576,2.820353886,2.309783058,10.71115874,0.0,0.474772916,2.089616636,6.591989844,4.667792085,0.689178107,0.0,1.797360767,0.158247065,26.71530787,27.96115745,1.957413207,2.65502362,0.42413413,0.0,0.0,0.0,0.0,0.0,0.0,3.738873535,0.0,d2
A-230,0,0.0,0.0,0.0,0.0,0.0,0.0,0.0,0.0,0.0,0.0,0.0,0.0,0.0,0.0,0.0,0.0,0.0,0.0,0.0,0.0,0.0,0.0,0.0,0.0,0.0,0.0,0.0,0.0,0.0,0.0,0.0,0.0,0.0,0.0,0.0,0.0,0.0,0.0,0.0,0.0,0.0,0.0,0.0,0.0,0.0,0.0,0.0,0.0,0.0,0.0,0.0,0.0,0.0,0.0,0.0,0.0,0.0,0.0,d3
A-230,10,1.012580487,3.939469134,5.468893665,1.02238134,0.56440029,1.195480387,1.740639215,1.78479398,0.863414488,0.382366619,0.877710894,6.561954501,0.400825787,0.472176248,0.835976676,1.70711797,1.646338805,1.106284252,5.586361226,1.531787568,0.428140736,1.801711555,0.50387174,1.991554987,0.0,1.358526352,3.285340454,0.256129886,0.640749161,0.310640759,0.32025481,0.731153894,0.0,0.429358476,0.0,2.117563663,0.0,0.0,0.471026125,0.326527029,3.751124096,0.848024628,1.154614468,1.416013226,0.159442039,0.308145805,0.293773878,0.283766117,1.722553332,0.0,1.415569668,0.157550284,1.291942104,0.0,0.0,0.160037787,1.315024951,0.0,d3
A-230,50,0.0,5.188692577,4.527782456,0.76864268,1.68035008,0.88417972,1.327946212,2.275145308,0.268560074,1.547053402,0.423099805,8.299346008,2.112721827,1.334237258,0.638735059,3.910802223,2.999140261,0.281447754,5.581506616,1.960987423,0.219849519,1.550518593,0.253750549,0.761255832,0.25133617,1.762219384,2.792885653,1.098049532,0.475820656,1.371660279,0.365255682,0.0,0.0,1.95060371,0.0,5.869439559,0.0,0.0,1.742101434,0.424021161,3.651116528,0.159442039,0.972443386,1.416013226,0.913812083,1.20387535,0.953448735,0.283766117,2.058949185,0.424295427,1.415569668,0.0,1.767300647,0.0,0.0,0.160037787,0.797292473,0.0,d3
A-230,100,1.293644245,2.138086214,5.230192702,0.513673095,2.297982381,0.567916558,0.50387174,1.985001712,0.666355578,0.204073316,0.281993521,4.810565038,2.516198405,1.057849689,1.077726711,5.312242084,3.576653195,0.570080815,4.608657414,2.539133906,0.219849519,1.882840719,0.0,1.26270797,0.0,1.062003954,2.405162633,1.098049532,0.421083149,0.717185218,0.336071885,0.731153894,0.0,1.228478393,0.0,9.225494239,0.0,0.0,0.319433665,0.180025144,1.927890961,0.0,0.0,1.416013226,0.867080388,1.21989643,1.247389839,1.672688646,2.794852261,0.389167793,2.150898223,0.0,1.019933418,0.157925002,0.0,0.323701982,1.589083782,0.0,d3
A-230,500,1.293644245,3.175113054,4.576357684,0.76864268,2.161683205,1.770674574,7.02303121,3.093655049,0.669003869,2.85393006,0.837018329,3.893073333,9.510272265,9.688346384,0.609087495,12.5126928,12.81974101,1.689765205,5.021033934,7.624597262,0.428140736,2.120480587,1.250752415,1.26270797,1.333101625,1.575141999,2.274893925,1.279570105,1.348305367,1.503430898,0.336071885,0.73769436,0.0,1.132878513,0.0,36.40326468,0.0,0.0,2.260491972,1.333573583,2.471303814,0.319267482,1.507259388,0.18383227,0.858712623,3.397208053,0.504045949,0.658442734,8.247328969,0.424295427,2.525609611,0.157550284,2.062096497,0.157925002,0.0,0.323701982,2.891638199,0.0,d3
A-232,0,0.0,0.0,0.0,0.0,0.0,0.0,0.0,0.0,0.0,0.0,0.0,0.0,0.0,0.0,0.0,0.0,0.0,0.0,0.0,0.0,0.0,0.0,0.0,0.0,0.0,0.0,0.0,0.0,0.0,0.0,0.0,0.0,0.0,0.0,0.0,0.0,0.0,0.0,0.0,0.0,0.0,0.0,0.0,0.0,0.0,0.0,0.0,0.0,0.0,0.0,0.0,0.0,0.0,0.0,0.0,0.0,0.0,0.0,d3
A-232,10,0.25746233,6.386871698,4.668133854,0.263623779,1.74315395,1.578688199,1.24315262,2.05884139,0.961176845,0.898412887,1.343347791,6.351675181,1.928003338,0.849484663,0.780317022,1.2569651,1.875417932,1.743818082,5.581362337,0.883939537,0.693945966,1.810541323,0.25133617,0.76864268,0.252537469,0.379705096,1.269637495,0.257378624,1.238992596,0.383865702,0.793704353,0.0,0.0,0.0,0.0,2.580035933,0.0,0.208900902,1.013994729,0.326527029,3.200523325,0.319267482,1.328110134,1.772430359,0.159060028,1.533867794,0.591224471,0.291356269,2.280146703,0.389167793,1.782881029,0.0,1.93307298,0.0,0.0,0.164584777,1.54939093,0.0,d3
A-232,50,4.251444785,8.187153637,4.499833694,0.569075938,0.956096087,2.851324343,0.505774565,2.275145308,0.418749883,0.904788077,0.504448468,5.613129151,2.105869192,2.257135763,1.096300639,2.038952615,4.57774511,0.413589777,6.914447835,2.11487939,0.271134051,1.554960847,0.0,0.513673095,0.252537469,0.815840415,1.318911773,1.123882814,0.515025473,0.543730563,0.0,0.0,0.0,1.493937992,0.0,10.9640682,0.0,0.208900902,0.45332093,0.377418982,4.08340148,0.643074059,1.328110134,1.650203826,0.858605003,1.704203851,0.566965662,2.158867229,2.450687948,0.424295427,1.782881029,0.157550284,2.348080254,0.0,0.0,0.164584777,0.42340221,0.0,d3
A-232,100,3.99925794,6.124593876,5.662503819,0.78976399,2.990767297,1.408412384,1.136792431,2.008786368,0.471216536,1.116673258,0.276827871,3.783497212,2.782979845,3.527606617,1.582187015,4.055556479,5.94086819,0.0,4.277074282,2.373565517,0.160805889,1.742689976,0.252537469,0.76864268,0.506286088,0.893832499,0.657611457,1.119702819,0.515025473,0.155014773,0.543921636,0.630233054,0.0,0.747822881,0.0,19.06237017,0.0,0.0,0.519408583,0.0,0.528367533,0.995700625,0.736897949,1.772430359,0.962322452,0.84327508,1.420424478,0.880955747,3.546562362,0.389167793,1.782881029,0.816869546,2.154460197,0.526398947,0.0,0.864352684,1.340432139,0.0,d3
A-232,500,8.053227321,7.423202396,3.395212312,1.87355142,4.22479163,2.375758419,13.98004091,2.615306401,0.240234766,2.543397683,3.066325142,5.329301605,11.31357641,21.0367071,0.51313882,10.37116894,30.17387407,1.448561704,5.348209297,10.83013562,0.433499851,1.810541323,0.501480775,0.513673095,1.093970229,1.163425425,1.557699568,0.513506488,0.939488892,1.211556909,1.090932497,0.630233054,0.0,1.310294095,0.0,56.03757217,0.0,0.0,1.374637754,2.635723856,1.795448027,1.153408301,1.150441521,0.854524291,1.149360306,9.056976742,0.957826726,5.167626719,10.61184999,0.424295427,3.438394387,1.381203073,1.070709192,0.526398947,0.0,0.669555222,2.212213989,0.0,d3
A-234,0,0.0,0.0,0.0,0.0,0.0,0.0,0.0,0.0,0.0,0.0,0.0,0.0,0.0,0.0,0.0,0.0,0.0,0.0,0.0,0.0,0.0,0.0,0.0,0.0,0.0,0.0,0.0,0.0,0.0,0.0,0.0,0.0,0.0,0.0,0.0,0.0,0.0,0.0,0.0,0.080326545,0.0,0.0,0.0,0.0,0.0,0.0,0.0,0.0,0.0,0.0,0.0,0.0,0.0,0.0,0.0,0.0,0.0,0.0,d3
A-234,10,0.99187059,5.54598681,7.521150433,2.489856368,2.483294996,2.047761329,0.257378624,1.227559,0.982463344,0.78392879,0.57971363,0.777823426,3.26334646,3.676959592,0.877236776,4.355812967,5.998563303,1.306822612,6.897192853,2.338410071,0.427360345,2.898375631,0.0,0.253750549,0.253750549,0.2634252,1.712489711,0.516016457,1.007197293,0.383865702,0.794853152,0.0,0.0,0.224301277,0.0,2.314735254,0.0,0.208999547,1.266860173,0.159139216,2.078387111,0.159060028,0.481397941,1.258118184,0.848024628,2.18776585,0.734421382,1.186637418,2.303816489,0.389167793,1.754773208,0.639523457,1.360552921,0.0,0.0,1.407111176,0.156864215,0.0,d3
A-234,50,5.1653886,8.160026726,4.595045988,0.5366454,3.227411633,2.578830877,1.154795087,2.265336959,0.687903733,1.99384247,1.685710834,1.920734386,9.642661167,11.460391,0.982108322,10.74716069,33.45344424,2.708351411,6.881138879,8.445664103,0.28931242,3.157722911,0.0,0.253750549,0.253750549,1.064615555,1.723380054,1.125144825,0.292530253,0.424811998,0.201755133,0.630233054,0.0,1.337598065,0.0,2.047163049,0.0,0.208999547,0.549998243,0.326527029,3.271999016,0.520174213,0.481397941,1.328173006,0.848024628,11.82191205,1.860385576,3.472687016,7.063525725,0.389167793,1.754773208,0.647865563,1.312701723,0.0,0.0,0.323701982,1.477595669,0.0,d3
A-234,100,6.028310106,7.127529004,5.403577408,3.262820228,7.420996198,0.530756026,0.257378624,1.711803645,1.184206619,1.15032465,1.036685228,3.69795282,13.81350908,14.66019193,1.661196245,13.84363155,42.19932413,4.50591864,6.828128227,12.91936752,0.385860318,3.341520413,0.0,0.757616531,0.764931028,0.814069782,1.712489711,1.157568894,0.427712347,0.048348015,0.262145359,0.630233054,0.0,3.640343123,0.0,2.402954662,0.0,0.0,0.549998243,0.0,2.062603379,0.897805844,0.798177975,1.258118184,0.848024628,14.15120805,2.422669069,8.943045754,11.92905458,0.424295427,1.834106736,0.396493014,0.317202642,0.93232809,0.0,2.670151321,2.745984141,0.0,d3
A-234,500,9.982150694,7.583674575,6.011557496,3.530296557,36.02320251,2.70160392,0.0,2.840686847,1.184206619,3.35097512,1.313340904,10.97564933,19.87236304,31.29604992,1.425416003,75.9887782,43.15562286,3.140146846,6.0088343,19.57010867,0.298485863,2.898375631,1.338916731,1.481257808,1.094981383,0.34361109,7.683844279,0.772140242,1.15731633,1.333751013,0.927757366,0.630233054,0.0,53.79105577,0.0,9.315969347,0.0,0.0,0.721619439,1.374024345,3.556146203,1.047663431,1.066641408,1.008140677,0.159060028,15.62448967,2.810044898,15.15215213,19.17200673,1.312137885,5.346457073,1.064438172,2.190035169,0.93232809,0.0,0.936194716,3.452568602,0.0,d3
A-242,0,0.0,0.0,0.0,0.0,0.0,0.0,0.0,0.0,0.0,0.0,0.0,0.0,0.0,0.0,0.0,0.0,0.0,0.0,0.0,0.0,0.0,0.0,0.0,0.0,0.0,0.0,0.0,0.0,0.0,0.0,0.0,0.0,0.0,0.0,0.0,0.0,0.0,0.0,0.0,0.0,0.0,0.0,0.0,0.0,0.0,0.0,0.0,0.0,0.0,0.0,0.0,0.0,0.0,0.0,0.0,0.0,0.0,0.0,d3
A-242,10,1.465122954,5.267886866,5.497309977,2.47915376,2.841201191,2.0830617,2.260874315,0.873731247,0.420258202,0.863525034,0.427551945,2.736694165,4.24695848,3.320621466,0.539404534,4.737261028,4.335813314,1.007327709,6.571053049,3.30107279,0.813816724,3.620945397,0.254975593,0.776177668,0.511186391,0.818206041,2.196091452,1.311009446,0.85509442,0.917157453,1.258375594,0.393615508,0.0,0.581692539,0.0,21.61704357,0.0,0.0,0.824512162,0.0,1.788009108,0.0,1.072917805,1.328141142,0.858551749,2.343632688,0.716855078,1.677159752,2.977867028,0.389167793,1.381203073,0.858394175,2.124750154,0.0,0.0,1.221526907,2.410313426,0.0,d3
A-242,50,4.722617293,8.50438517,4.641558632,0.802926003,2.072597242,2.22615819,16.63097356,2.00557413,0.238823763,0.309579354,3.603168949,3.72784323,10.37546779,18.59104398,0.80880237,12.42074975,23.12694604,0.302590769,6.585388698,9.284042204,0.599244629,3.478571717,0.254975593,0.523872748,0.254975593,0.803734815,0.642021151,1.226664574,0.519153242,0.050467582,0.656059864,2.083671624,0.0,1.311258739,0.0,60.53334419,0.0,0.0,0.631478578,0.159139216,2.842122314,0.858605003,1.072917805,1.527860046,0.848018066,9.057825904,2.782483649,4.183712802,9.240135646,0.424295427,1.381203073,0.848011546,3.745976883,0.0,0.0,0.160037787,0.753437556,0.0,d3
A-242,100,5.896975631,7.987642967,5.717479802,2.47915376,7.045991774,0.657853119,25.39138354,1.439898342,0.462204296,0.863525034,7.253973072,6.403512174,14.52798056,31.57570956,1.054723485,15.44992869,42.42732119,0.302590769,6.573075242,13.73188184,0.728269478,3.895728487,0.0,3.174194726,0.511186391,0.479237621,1.171104024,1.143011915,0.839998754,0.50992245,1.492976629,0.549476881,0.0,2.439428783,0.0,77.4080402,0.0,0.0,1.269711941,0.159139216,2.068744725,0.858605003,1.005044647,1.114091739,0.897571748,15.28602865,1.09549372,12.10703649,13.34599953,0.424295427,1.824498178,0.858394175,9.171367427,1.532187026,0.0,2.982331939,1.860071652,0.0,d3
A-242,500,8.029133406,8.708894004,8.607222478,3.619430902,39.60957629,3.200502341,29.57936103,2.579990643,0.511881092,1.301457716,36.27029775,42.36837065,20.24388183,43.00451241,0.794045009,63.61518689,42.82286518,2.103941711,6.029144793,18.79520346,2.408052037,3.620945397,2.20633515,19.73315806,1.095998278,0.792600235,4.601758,0.516016457,1.126236918,0.801064528,2.402383059,2.4145727,0.0,55.1677616,0.0,92.42189243,0.0,0.0,1.027893074,1.547020022,18.76384831,0.858605003,1.124355934,0.894830975,0.15867986,15.28602865,2.530869497,26.00463413,19.20967968,2.946129724,2.753488279,1.677483068,13.05406967,1.532187026,0.0,1.672508905,3.032375442,0.0,d3
