Agent,Concentration,Dye1,Dye2,Dye3,Dye4,Dye5,Dye6,Dye7,Dye8,Dye9,Dye10,Dye11,Dye12,Dye13,Dye14,Dye15,Dye16,Dye17,Dye18,Dye19,Dye20,Dye21,Dye22,Dye23,Dye24,Dye25,Dye26,Dye27,Dye28,Dye29
AC,0,0,0,0,0,0,0,0,0,0,0,0,0,0,0,0,0,0,0,0,0,0,0,0,0,0,0,0,0,0
AC,10,6.701121227,0.611375131,0.170200928,0.830042188,2.994281683,1.879302902,7.316466454,0,0.185786731,0,0.655130841,2.684711136,0,0,2.586474607,0.159005042,1.440739271,0.203525481,2.075652393,0.45188796,2.532175157,2.854662937,2.854662937,2.854662937,2.854662937,2.854662937,2.854662937,0.518520873,0
AC,50,7.397109331,2.314552897,1.54162276,1.913016574,2.72705597,0.891967858,6.694083727,0,0.280441543,0.249428246,1.310566724,3.234607228,3.086300503,0,2.069896901,0.159005042,1.774345669,1.034906638,3.885378328,0.360063041,2.532175157,2.854662937,2.854662937,2.854662937,2.854662937,2.854662937,2.854662937,0.93827556,0
AC,100,7.996651333,1.389453457,1.641568257,2.820634257,3.373480344,1.25181865,9.006434606,0,0.375379937,1.263416953,1.748587141,3.257103779,2.874396747,0,2.069896901,0.159005042,1.887098159,1.099034879,4.432000081,1.264218718,2.532175157,2.351313838,2.351313838,2.351313838,2.351313838,2.351313838,2.351313838,0.482610336,0
AC,500,10.03572185,1.145561385,1.641568257,2.887397519,1.941918483,1.306920911,9.136892825,0,0.284367728,0.709681752,1.529696063,3.576874171,1.663402511,0,2.287491411,0.159005042,2.379416421,1.214276198,4.262027109,0.930835138,2.500354655,0.408232261,0.408232261,0.408232261,0.408232261,0.408232261,0.408232261,1.222648864,0
CG,0,0,0,0,0,0,0,0,0,0,0,0,0,0,0,0,0,0,0,0,0,0,0,0,0,0,0,0,0,0
CG,10,3.690628967,1.786085385,0.160768663,3.431694342,2.943440199,2.711675753,5.512445679,0,0.817229488,1.982047548,0.704578941,2.058510716,0,0,1.005241694,0.15862514,1.321083255,0,2.375863433,2.650613396,2.136595891,2.060002759,2.060002759,2.060002759,2.060002759,2.060002759,2.060002759,1.069190709,0
CG,50,6.287007534,5.334019419,2.110291359,1.962709865,1.772256297,1.201170257,7.625917579,0,0.474772916,1.619243238,1.20094797,1.586728015,2.348329138,0,2.212986556,0.15862514,0.737238533,1.654047481,3.92995825,1.616575123,2.123623802,1.903998894,1.903998894,1.903998894,1.903998894,1.903998894,1.903998894,0.995408535,0
CG,100,9.563180127,4.234302312,2.333487535,3.426453481,3.572829077,1.86773213,7.866694418,0,0.572028315,1.882928304,2.063753051,1.810186747,2.091168006,0,2.003208195,0.15862514,1.324010399,2.080359206,3.715010391,2.540296398,2.123623802,1.653192146,1.653192146,1.653192146,1.653192146,1.653192146,1.653192146,2.389720414,0
CG,500,11.2838094,3.552884633,2.333487535,30.87396134,1.809918638,2.972021287,83.87080256,0,0.184839564,1.426323262,5.791544926,1.47519571,6.514306358,0,2.565877731,0.452581076,48.62707951,96.1417995,3.247151967,11.11739638,2.540213324,2.46856503,2.46856503,2.46856503,2.46856503,2.46856503,2.46856503,2.577778744,0
CK,0,0,0,0,0,0,0,0,0,0,0,0,0,0,0,0,0,0,0,0,0,0,0,0,0,0,0,0,0,0
CK,10,6.543218506,0.52829262,1.58707709,0.776353096,2.920361604,2.679683415,5.179109901,0,0.515579497,2.117310371,0.758262891,2.140495389,0.956944647,0,1.364585158,0.15862514,1.561622003,0,1.567325225,1.660741806,2.229316634,3.037373368,3.037373368,3.037373368,3.037373368,3.037373368,3.037373368,0.303374235,0
CK,50,4.963610312,2.017894949,1.567039073,5.166435446,2.631587407,0.869485218,5.751671084,0,0.372514165,1.067276494,1.437339436,1.788459819,2.619745761,0,2.287491411,0.15862514,1.410098412,0.697643507,1.801121643,2.305430369,2.229316634,2.725230001,2.725230001,2.725230001,2.725230001,2.725230001,2.725230001,0.61328761,0
CK,100,7.681104327,1.381612419,1.58707709,9.362921319,3.787212403,1.771720671,5.694298937,0,0.467452494,2.679144767,1.857248867,2.327801395,2.890870002,0,2.287491411,0,1.767731806,1.106543433,1.327138503,0.318623806,2.229316634,2.725230001,2.725230001,2.725230001,2.725230001,2.725230001,2.725230001,0.627998914,0
CK,500,11.66264072,0.735220986,1.721830768,17.62921059,2.054969977,1.284362356,39.03896996,0,0.236779388,1.112554689,1.829878901,2.758487012,1.101630581,0,2.069896901,0,2.03671915,1.425149534,2.718161512,0.953913133,2.229316634,0.343925302,0.343925302,0.343925302,0.343925302,0.343925302,0.343925302,1.211615487,0
HD,0,0,0,0,0,0,0,0,0,0,0,0,0,0,0,0,0,0,0,0,0,0,0,0,0,0,0,0,0,0
HD,10,2.604175336,0.808334488,0.558827647,2.031975248,5.0069876,1.232522775,3.284737103,0,0.652409856,1.622924331,0.501375317,2.569742367,0.929286699,0,1.040198683,0.157870805,0.710745695,0,0.875561126,0,0,0.503657842,0.503657842,0.503657842,0.503657842,0.503657842,0.503657842,1.586285069,0
HD,50,9.429932161,2.241649698,0.767463585,0.875864358,4.879540884,0.813466169,3.890491407,0,1.049572637,0.909203841,1.543928144,2.826819642,2.127413525,0,0.749503102,0.912898624,1.282400051,0.899378819,1.163667328,2.096618258,0,1.165283753,1.165283753,1.165283753,1.165283753,1.165283753,1.165283753,0.708691194,0.202597768
HD,100,8.99716342,0.239049727,0.558827647,1.444163613,5.681393539,1.442528516,3.604379197,0,0.842062363,2.364386321,1.834942317,2.714837828,3.395933475,0,0.749503102,0.866709902,1.506407262,0.221416315,2.737361143,0.845767968,0.157710884,0.732745229,0.732745229,0.732745229,0.732745229,0.732745229,0.732745229,0.303008029,0.202597768
HD,500,9.761805399,1.922345243,0.558827647,1.297056849,4.268859586,1.232522775,4.438377546,0,0.357740058,2.623464998,1.525050538,2.855396722,2.549034272,0,0.7895176,0.460160841,1.639310612,1.555072709,2.737361143,1.382773367,0.157710884,1.981424127,1.981424127,1.981424127,1.981424127,1.981424127,1.981424127,1.814760285,0
HN,0,0,0,0,0,0,0,0,0,0,0,0,0,0,0,0,0,0,0,0,0,0,0,0,0,0,0,0,0,0
HN,10,1.084824756,0.530384018,0.170200928,3.456747459,2.760796864,2.782259771,5.988791642,0,0.094938496,0.734255853,1.023449311,2.178267619,0.314054537,0,1.822509664,0,1.44668591,0.211492157,1.196253633,1.710674274,0.158490972,1.795813192,1.795813192,1.795813192,1.795813192,1.795813192,1.795813192,1.048193536,0
HN,50,13.54979168,2.205399825,1.475165286,1.629044845,2.684561764,1.333496906,6.464184421,0,0.384354023,0.921160872,1.95437167,2.624820128,2.896048336,0,2.146260925,0,2.093707263,1.039232085,1.550713601,1.479730458,0.158490972,2.854662937,2.854662937,2.854662937,2.854662937,2.854662937,2.854662937,1.02173126,0
HN,100,11.90556295,0.530384018,1.692185405,0.484328854,3.824132299,1.102431822,5.369264113,0,0.384354023,0.274876414,1.87654882,3.272536871,3.15796592,0,1.624107481,0,1.872001772,0.829422246,1.550713601,1.93233231,0.316604061,2.854662937,2.854662937,2.854662937,2.854662937,2.854662937,2.854662937,0.754600279,0
HN,500,15.45166476,1.715088202,2.0264325,1.990549617,2.643863927,1.054446184,9.509064752,0,0.280441543,2.036605922,1.950786418,3.048868223,3.247094432,0,1.455778687,0.158247065,2.299541726,1.612950603,2.124892854,3.773599074,0.800311059,1.653192146,1.653192146,1.653192146,1.653192146,1.653192146,1.653192146,0.924980885,0
L,0,0,0,0,0,0,0,0,0,0,0,0,0,0,0,0,0,0,0,0,0,0,0,0,0,0,0,0,0,0
L,10,4.493596812,5.465291747,0.766912788,1.152793066,2.893772671,1.789410286,8.484593932,0,0.282613173,1.279773562,3.32762381,3.009081809,7.087693219,0,2.260255578,0.15862514,39.2811421,3.550440135,2.229692579,12.72412733,2.229316634,2.854662937,2.854662937,2.854662937,2.854662937,2.854662937,2.854662937,1.308852423,0
L,50,13.98133614,6.53356184,1.644767297,13.55177585,2.72801163,2.89149939,29.06423535,0,0.474772916,1.715676989,4.704573694,3.373892329,7.756747881,0,1.801773951,0.848021342,43.33265034,89.17962241,2.733204363,13.53719865,2.632859591,3.353799762,3.353799762,3.353799762,3.353799762,3.353799762,3.353799762,1.802488038,0
L,100,12.2529844,4.05923799,1.644767297,27.31863349,3.506103504,0.952846294,37.98117996,0,0.556532362,0,4.390909399,3.211941855,7.756747881,0,2.003208195,0.848021342,45.91786957,94.0556868,2.145034104,13.59385173,2.632859591,4.610001356,4.610001356,4.610001356,4.610001356,4.610001356,4.610001356,2.498811125,0
L,500,16.66959611,4.932339341,1.9563985,37.24182863,2.214728313,1.107167545,78.03428103,0,0.840409633,2.492644413,5.072276621,2.495714088,9.71011155,0,2.003208195,2.269527614,47.56214985,94.593588,2.229692579,13.67520655,2.253060239,2.30127528,2.30127528,2.30127528,2.30127528,2.30127528,2.30127528,1.780634311,0
PS,0,0,0,0,0,0,0,0,0,0,0,0,0,0,0,0,0,0,0,0,0,0,0,0,0,0,0,0,0,0
PS,10,2.899624969,0.412624258,0.862121845,2.204511751,3.61385313,3.541210365,1.84107247,0,0.192160016,1.752874378,0.661306334,1.567277742,0.698538923,0,0.83044321,0.158247065,0.737613208,0.795869805,1.088524728,0.7166019,0.42413413,1.342130961,1.342130961,1.342130961,1.342130961,1.342130961,1.342130961,1.001137632,0
PS,50,4.202471261,5.450765926,0.503618137,1.00301922,2.280460202,1.258106143,1.789212679,0,0.097255686,2.175152483,1.539739746,1.937633336,1.082503114,0,1.797360767,0.858498863,2.21296142,4.751881396,1.717547787,0.390992204,0.389167793,1.054668971,1.054668971,1.054668971,1.054668971,1.054668971,1.054668971,1.009167735,0
PS,100,5.516824005,13.1355911,0.862121845,1.024905327,4.972640029,2.033792102,2.655105539,0,0.097255686,2.540130635,3.968923268,2.794191597,0.824260022,0,2.033569822,0,6.901349431,9.414437261,3.065852704,1.847764584,0.42413413,1.054668971,1.054668971,1.054668971,1.054668971,1.054668971,1.054668971,2.690596154,0
PS,500,6.236197337,18.50909117,0.158813481,2.885922576,2.820353886,2.309783058,10.71115874,0,0.474772916,2.089616636,6.591989844,4.667792085,0.689178107,0,1.797360767,0.158247065,26.71530787,27.96115745,1.957413207,2.65502362,0.42413413,0,0,0,0,0,0,3.738873535,0
